,Latitude,Longitude,name,color
28487,42.019110999999995,-93.525735,Loc Clust 4,#8259c8
42231,40.894717,-97.212614,Loc Clust 6,#799e92
41009,42.106789,-93.615572,Loc Clust 4,#8259c8
67337,41.043079999999996,-94.31067,Loc Clust 4,#8259c8
31791,40.276832,-97.108796,Loc Clust 6,#799e92
56834,43.879459999999995,-88.83789,Loc Clust 3,#212b15
43969,41.99446,-95.0151,Loc Clust 4,#8259c8
32891,42.085296,-93.444612,Loc Clust 4,#8259c8
43670,40.305394,-85.901297,Loc Clust 5,#8decf5
76215,42.280688,-85.09723100000001,Loc Clust 5,#8decf5
9697,41.442467,-84.0677,Loc Clust 5,#8decf5
16510,41.276140000000005,-91.6642,Loc Clust 1,#55ae46
79640,41.814594,-96.159295,Loc Clust 6,#799e92
59529,40.6991,-86.90100000000001,Loc Clust 5,#8decf5
55588,41.366868,-91.986701,Loc Clust 1,#55ae46
37370,40.5917,-84.4557,Loc Clust 5,#8decf5
10372,40.699312,-86.894717,Loc Clust 5,#8decf5
39979,40.552995,-89.444711,Loc Clust 3,#212b15
58627,42.28965,-91.09101,Loc Clust 1,#55ae46
26644,42.080081,-93.435161,Loc Clust 4,#8259c8
15564,43.087798,-81.211146,Loc Clust 0,#232bb4
24118,42.03926,-95.0145,Loc Clust 4,#8259c8
14,42.016877,-93.526748,Loc Clust 4,#8259c8
50499,40.22232,-88.87127,Loc Clust 3,#212b15
44589,40.699040000000004,-86.90101999999999,Loc Clust 5,#8decf5
49424,40.305394,-85.901297,Loc Clust 5,#8decf5
48598,40.6991,-86.90100000000001,Loc Clust 5,#8decf5
65996,40.54852,-89.48538,Loc Clust 3,#212b15
6076,40.833397,-97.349289,Loc Clust 6,#799e92
16379,44.793509,-94.86999300000001,Loc Clust 2,#aec689
67060,41.043079999999996,-94.31067,Loc Clust 4,#8259c8
64746,40.4007,-90.52529,Loc Clust 1,#55ae46
16806,42.525859000000004,-82.36107700000001,Loc Clust 0,#232bb4
46285,44.049424,-93.282073,Loc Clust 7,#22eb1f
12103,38.920084,-91.818873,Loc Clust 1,#55ae46
1907,44.092119,-93.298375,Loc Clust 7,#22eb1f
7877,40.6,-86.9,Loc Clust 5,#8decf5
13264,40.948128000000004,-91.3503,Loc Clust 1,#55ae46
13413,39.660871,-89.826297,Loc Clust 3,#212b15
22111,40.214521999999995,-88.913641,Loc Clust 3,#212b15
6570,43.318381,-96.566755,Loc Clust 2,#aec689
24856,43.00983,-95.1866,Loc Clust 2,#aec689
60663,41.4838,-88.914244,Loc Clust 3,#212b15
5937,41.276140000000005,-91.6642,Loc Clust 1,#55ae46
34718,40.765361999999996,-87.79277900000001,Loc Clust 3,#212b15
41369,39.696402,-89.965221,Loc Clust 3,#212b15
10591,43.087798,-81.211146,Loc Clust 0,#232bb4
60972,40.40365,-87.50985,Loc Clust 3,#212b15
49112,39.64377,-89.7574,Loc Clust 3,#212b15
23495,43.00983,-95.1866,Loc Clust 2,#aec689
164,40.69907,-86.900038,Loc Clust 5,#8decf5
26913,40.225225,-83.843778,Loc Clust 5,#8decf5
28180,40.127641,-88.08603000000001,Loc Clust 3,#212b15
21363,43.2794,-81.2543,Loc Clust 0,#232bb4
68728,42.640467,-93.793986,Loc Clust 4,#8259c8
29919,41.182140000000004,-91.40684,Loc Clust 1,#55ae46
80972,40.22524,-83.844521,Loc Clust 5,#8decf5
66093,40.97258,-91.3682,Loc Clust 1,#55ae46
28056,42.29600000000001,-91.13064,Loc Clust 1,#55ae46
21399,41.182140000000004,-91.40684,Loc Clust 1,#55ae46
38307,41.067612,-84.821186,Loc Clust 5,#8decf5
14775,41.781502,-96.210362,Loc Clust 6,#799e92
39881,42.521471999999996,-82.354209,Loc Clust 0,#232bb4
12133,39.660871,-89.826297,Loc Clust 3,#212b15
41796,40.6991,-86.90100000000001,Loc Clust 5,#8decf5
36079,42.9303,-80.90423299999999,Loc Clust 0,#232bb4
50442,40.305394,-85.901297,Loc Clust 5,#8decf5
29613,41.509055,-92.255122,Loc Clust 1,#55ae46
7962,43.318381,-96.566755,Loc Clust 2,#aec689
69555,40.90013,-97.159213,Loc Clust 6,#799e92
40321,44.0518,-93.295865,Loc Clust 7,#22eb1f
20232,41.812433,-96.15390699999999,Loc Clust 6,#799e92
63996,44.08889,-93.298957,Loc Clust 7,#22eb1f
58860,41.50887,-92.23915,Loc Clust 1,#55ae46
15058,42.04027,-95.01427,Loc Clust 4,#8259c8
18705,42.016877,-93.526748,Loc Clust 4,#8259c8
33797,40.910222,-97.146979,Loc Clust 6,#799e92
14420,42.96321,-95.17068,Loc Clust 2,#aec689
24304,41.091035999999995,-84.924066,Loc Clust 5,#8decf5
23443,43.148393,-93.107591,Loc Clust 7,#22eb1f
18905,42.530570000000004,-88.86076,Loc Clust 3,#212b15
30336,43.149997,-93.10207,Loc Clust 7,#22eb1f
42839,41.909209999999995,-96.97973,Loc Clust 6,#799e92
60495,41.508875,-90.239154,Loc Clust 1,#55ae46
78311,39.15377,-87.87904,Loc Clust 3,#212b15
79708,41.516746000000005,-89.036517,Loc Clust 3,#212b15
54464,41.4838,-88.914244,Loc Clust 3,#212b15
49158,40.6991,-86.90100000000001,Loc Clust 5,#8decf5
42868,41.99446,-95.0151,Loc Clust 4,#8259c8
77342,42.563046,-82.257714,Loc Clust 0,#232bb4
74634,39.6997,-89.97504,Loc Clust 3,#212b15
8220,41.03583,-83.7509,Loc Clust 5,#8decf5
57426,43.078463,-81.203113,Loc Clust 0,#232bb4
24821,43.318042,-96.5668,Loc Clust 2,#aec689
76988,42.93865,-95.16046999999999,Loc Clust 2,#aec689
33257,42.95082,-94.0301,Loc Clust 7,#22eb1f
20300,41.182140000000004,-91.40684,Loc Clust 1,#55ae46
41346,39.696402,-89.965221,Loc Clust 3,#212b15
34543,42.080475,-85.140966,Loc Clust 5,#8decf5
77133,40.0632,-84.3067,Loc Clust 5,#8decf5
22291,40.214521999999995,-88.913641,Loc Clust 3,#212b15
45144,41.909209999999995,-96.97973,Loc Clust 6,#799e92
72776,42.9303,-80.90423299999999,Loc Clust 0,#232bb4
43979,41.123540000000006,-84.91221,Loc Clust 5,#8decf5
16708,41.276140000000005,-91.6642,Loc Clust 1,#55ae46
45856,44.826536,-94.863978,Loc Clust 2,#aec689
48198,40.955740000000006,-89.13944000000001,Loc Clust 3,#212b15
213,44.078129,-93.300034,Loc Clust 7,#22eb1f
22154,40.276832,-97.108796,Loc Clust 6,#799e92
63869,44.08889,-93.298957,Loc Clust 7,#22eb1f
38122,41.182140000000004,-91.40684,Loc Clust 1,#55ae46
28573,42.98773,-93.91291600000001,Loc Clust 7,#22eb1f
51517,40.305394,-85.901297,Loc Clust 5,#8decf5
13455,40.121332,-88.089015,Loc Clust 3,#212b15
44553,40.22232,-88.87127,Loc Clust 3,#212b15
27773,40.955738000000004,-89.139444,Loc Clust 3,#212b15
52824,41.812433,-96.15390699999999,Loc Clust 6,#799e92
61394,40.894690000000004,-97.21216,Loc Clust 6,#799e92
53731,42.665279999999996,-88.96118,Loc Clust 3,#212b15
78698,43.162673,-93.103201,Loc Clust 7,#22eb1f
38476,41.597311,-90.653509,Loc Clust 1,#55ae46
10114,40.95066,-89.13932,Loc Clust 3,#212b15
35564,43.162224,-84.793941,Loc Clust 5,#8decf5
55203,44.049424,-93.282073,Loc Clust 7,#22eb1f
19131,41.088644,-84.92394499999999,Loc Clust 5,#8decf5
43675,40.699040000000004,-86.90101999999999,Loc Clust 5,#8decf5
44563,40.22421,-88.92654,Loc Clust 3,#212b15
77382,41.99446,-95.0151,Loc Clust 4,#8259c8
1096,42.95074,-94.039738,Loc Clust 7,#22eb1f
39872,42.521471999999996,-82.354209,Loc Clust 0,#232bb4
26925,40.127641,-88.08603000000001,Loc Clust 3,#212b15
15642,42.661809999999996,-88.93597,Loc Clust 3,#212b15
28489,41.182140000000004,-91.40684,Loc Clust 1,#55ae46
44141,40.305394,-85.901297,Loc Clust 5,#8decf5
7572,41.084917,-84.923797,Loc Clust 5,#8decf5
67845,40.648019,-96.062309,Loc Clust 6,#799e92
50154,39.9643,-83.9734,Loc Clust 5,#8decf5
27880,42.71175,-92.99981,Loc Clust 7,#22eb1f
48016,40.314471999999995,-85.749262,Loc Clust 5,#8decf5
22482,40.87095,-91.29524,Loc Clust 1,#55ae46
79619,40.965090000000004,-87.79266,Loc Clust 3,#212b15
15826,40.95066,-89.13932,Loc Clust 3,#212b15
47712,40.314471999999995,-85.749262,Loc Clust 5,#8decf5
40231,40.121187,-88.091608,Loc Clust 3,#212b15
25183,43.758,-95.235536,Loc Clust 2,#aec689
5505,40.127641,-88.08603000000001,Loc Clust 3,#212b15
19004,41.276140000000005,-91.6642,Loc Clust 1,#55ae46
57234,42.813179999999996,-92.04298,Loc Clust 1,#55ae46
55173,42.133195,-93.654256,Loc Clust 4,#8259c8
8775,39.613471999999994,-88.19603000000001,Loc Clust 3,#212b15
69461,41.813272,-96.155803,Loc Clust 6,#799e92
5006,44.078129,-93.300034,Loc Clust 7,#22eb1f
73768,41.508,-92.2591,Loc Clust 1,#55ae46
3079,42.22579,-91.203233,Loc Clust 1,#55ae46
69057,42.74053,-92.07531999999999,Loc Clust 1,#55ae46
26600,41.442993,-84.070301,Loc Clust 5,#8decf5
26959,41.182140000000004,-91.40684,Loc Clust 1,#55ae46
21651,39.338764000000005,-85.24194,Loc Clust 5,#8decf5
24456,43.148393,-93.107591,Loc Clust 7,#22eb1f
9760,41.378838,-87.064128,Loc Clust 5,#8decf5
72261,43.751908,-95.246669,Loc Clust 2,#aec689
78853,44.050183000000004,-93.291157,Loc Clust 7,#22eb1f
70616,42.74053,-92.07533000000001,Loc Clust 1,#55ae46
68480,41.82007,-93.56098,Loc Clust 4,#8259c8
56451,42.665279999999996,-88.96118,Loc Clust 3,#212b15
55794,42.761720000000004,-95.6526,Loc Clust 2,#aec689
3668,43.3196,-96.56882,Loc Clust 2,#aec689
81918,40.22524,-83.844521,Loc Clust 5,#8decf5
16278,41.788437,-83.77244499999999,Loc Clust 5,#8decf5
42567,42.133195,-93.654256,Loc Clust 4,#8259c8
18425,43.303246,-81.284296,Loc Clust 0,#232bb4
52840,41.442988,-84.07079,Loc Clust 5,#8decf5
69188,42.772625,-95.637486,Loc Clust 2,#aec689
65444,40.97258,-91.3682,Loc Clust 1,#55ae46
1169,42.95074,-94.039738,Loc Clust 7,#22eb1f
5576,41.276140000000005,-91.6642,Loc Clust 1,#55ae46
78390,43.076636,-81.205621,Loc Clust 0,#232bb4
38385,40.910222,-97.146979,Loc Clust 6,#799e92
28250,40.955738000000004,-89.139444,Loc Clust 3,#212b15
66140,40.97258,-91.3682,Loc Clust 1,#55ae46
2165,43.50734,-83.52332,Loc Clust 0,#232bb4
64695,41.303351,-91.678477,Loc Clust 1,#55ae46
41833,42.289646000000005,-91.09101700000001,Loc Clust 1,#55ae46
53979,42.328509999999994,-92.47391999999999,Loc Clust 1,#55ae46
68767,42.974677,-93.954357,Loc Clust 7,#22eb1f
25071,44.773925,-94.816563,Loc Clust 2,#aec689
56618,42.133195,-93.654256,Loc Clust 4,#8259c8
62988,40.90013,-97.159213,Loc Clust 6,#799e92
25106,44.773925,-94.816563,Loc Clust 2,#aec689
34038,41.908555,-96.98085999999999,Loc Clust 6,#799e92
50010,39.767192,-94.432075,Loc Clust 4,#8259c8
52866,41.99446,-95.0151,Loc Clust 4,#8259c8
35267,43.149997,-93.10207,Loc Clust 7,#22eb1f
11370,43.320571,-96.56880600000001,Loc Clust 2,#aec689
33501,42.085296,-93.444612,Loc Clust 4,#8259c8
46615,44.886348999999996,-94.945581,Loc Clust 2,#aec689
74918,42.28263,-91.13139,Loc Clust 1,#55ae46
45463,41.909209999999995,-96.97973,Loc Clust 6,#799e92
64168,44.050183000000004,-93.291157,Loc Clust 7,#22eb1f
16252,42.772459999999995,-95.63734000000001,Loc Clust 2,#aec689
29367,42.708282000000004,-92.032297,Loc Clust 1,#55ae46
55571,41.70017,-90.152509,Loc Clust 1,#55ae46
61555,40.699040000000004,-86.90101999999999,Loc Clust 5,#8decf5
69614,41.82007,-93.56098,Loc Clust 4,#8259c8
4098,41.303351,-91.678477,Loc Clust 1,#55ae46
66075,40.12401,-88.08659,Loc Clust 3,#212b15
71710,42.932767999999996,-82.039334,Loc Clust 0,#232bb4
45386,41.366868,-91.986701,Loc Clust 1,#55ae46
20626,41.182140000000004,-91.40684,Loc Clust 1,#55ae46
20860,42.9332,-82.0391,Loc Clust 0,#232bb4
79248,42.282790000000006,-91.13147,Loc Clust 1,#55ae46
62372,40.699040000000004,-86.90101999999999,Loc Clust 5,#8decf5
74925,41.99446,-95.0151,Loc Clust 4,#8259c8
68692,42.640467,-93.793986,Loc Clust 4,#8259c8
65810,39.351607,-85.247396,Loc Clust 5,#8decf5
80173,40.910233000000005,-97.14698299999999,Loc Clust 6,#799e92
13273,40.95066,-89.13932,Loc Clust 3,#212b15
61020,44.553771000000005,-94.22991400000001,Loc Clust 7,#22eb1f
34457,42.085296,-93.444612,Loc Clust 4,#8259c8
66540,41.407920000000004,-91.73809,Loc Clust 1,#55ae46
69199,42.974677,-93.954357,Loc Clust 7,#22eb1f
32699,43.322781,-81.309472,Loc Clust 0,#232bb4
4651,43.087798,-81.211146,Loc Clust 0,#232bb4
26769,40.386052,-90.522272,Loc Clust 1,#55ae46
75905,40.76548,-87.79267,Loc Clust 3,#212b15
26199,43.318042,-96.5668,Loc Clust 2,#aec689
39232,41.803609,-89.059116,Loc Clust 3,#212b15
32304,40.276832,-97.108796,Loc Clust 6,#799e92
41307,39.696402,-89.965221,Loc Clust 3,#212b15
42505,40.6991,-86.90100000000001,Loc Clust 5,#8decf5
46232,43.279946,-81.253633,Loc Clust 0,#232bb4
37219,40.680699,-84.350378,Loc Clust 5,#8decf5
64449,42.9303,-80.90423299999999,Loc Clust 0,#232bb4
64092,43.752747,-95.246342,Loc Clust 2,#aec689
38497,40.121187,-88.091608,Loc Clust 3,#212b15
66871,40.216967,-88.9193,Loc Clust 3,#212b15
18400,43.303246,-81.284296,Loc Clust 0,#232bb4
19939,40.214521999999995,-88.913641,Loc Clust 3,#212b15
51921,42.408678,-93.845798,Loc Clust 4,#8259c8
80373,41.50946,-92.25889000000001,Loc Clust 1,#55ae46
73063,43.960108,-94.189178,Loc Clust 7,#22eb1f
77108,39.463359999999994,-85.96976,Loc Clust 5,#8decf5
59602,40.785258,-97.64585799999999,Loc Clust 6,#799e92
10564,43.087798,-81.211146,Loc Clust 0,#232bb4
22236,40.692246999999995,-86.905676,Loc Clust 5,#8decf5
81888,39.69705,-89.96213,Loc Clust 3,#212b15
63015,43.078463,-81.203113,Loc Clust 0,#232bb4
13852,41.276140000000005,-91.6642,Loc Clust 1,#55ae46
55016,43.078463,-81.203113,Loc Clust 0,#232bb4
73716,41.065595,-84.907397,Loc Clust 5,#8decf5
18303,41.788437,-83.77244499999999,Loc Clust 5,#8decf5
1153,42.95074,-94.039738,Loc Clust 7,#22eb1f
72973,42.932767999999996,-82.039334,Loc Clust 0,#232bb4
19679,41.508829999999996,-92.23907,Loc Clust 1,#55ae46
78382,43.076636,-81.205621,Loc Clust 0,#232bb4
24110,41.812433,-96.15390699999999,Loc Clust 6,#799e92
938,40.121302,-88.091593,Loc Clust 3,#212b15
14096,40.95066,-89.13932,Loc Clust 3,#212b15
49818,40.314471999999995,-85.749262,Loc Clust 5,#8decf5
77475,42.36586,-92.45654,Loc Clust 1,#55ae46
41735,41.067228,-84.867366,Loc Clust 5,#8decf5
39781,41.49771,-84.2218,Loc Clust 5,#8decf5
25629,42.3263,-92.47518000000001,Loc Clust 1,#55ae46
32828,44.092702,-93.298902,Loc Clust 7,#22eb1f
19586,41.442993,-84.070301,Loc Clust 5,#8decf5
81225,41.496908000000005,-93.804941,Loc Clust 4,#8259c8
19902,40.785329,-87.83116700000001,Loc Clust 3,#212b15
62249,40.551158,-89.486078,Loc Clust 3,#212b15
31151,40.121187,-88.091608,Loc Clust 3,#212b15
45391,41.366868,-91.986701,Loc Clust 1,#55ae46
79431,42.282790000000006,-91.13147,Loc Clust 1,#55ae46
35640,43.687774,-96.28264300000001,Loc Clust 2,#aec689
46732,44.049424,-93.282073,Loc Clust 7,#22eb1f
28923,44.09448,-93.29843000000001,Loc Clust 7,#22eb1f
33099,42.488440000000004,-94.0403,Loc Clust 4,#8259c8
66484,41.442329,-84.068352,Loc Clust 5,#8decf5
47505,43.148586,-93.09669699999999,Loc Clust 7,#22eb1f
77235,41.710406,-97.90955,Loc Clust 6,#799e92
8405,42.179214,-94.987257,Loc Clust 4,#8259c8
63026,44.43646,-95.85819000000001,Loc Clust 2,#aec689
55582,41.366868,-91.986701,Loc Clust 1,#55ae46
36798,42.66176,-88.93697,Loc Clust 3,#212b15
54946,43.078463,-81.203113,Loc Clust 0,#232bb4
19148,42.525859000000004,-82.36107700000001,Loc Clust 0,#232bb4
50557,41.366868,-91.986701,Loc Clust 1,#55ae46
9743,41.442467,-84.0677,Loc Clust 5,#8decf5
11593,44.09259,-93.298899,Loc Clust 7,#22eb1f
42260,40.785258,-97.64585799999999,Loc Clust 6,#799e92
42694,41.123540000000006,-84.91221,Loc Clust 5,#8decf5
77498,41.516746000000005,-89.036517,Loc Clust 3,#212b15
67256,40.225722999999995,-83.844539,Loc Clust 5,#8decf5
5905,44.092119,-93.298375,Loc Clust 7,#22eb1f
57756,43.977828,-94.211618,Loc Clust 7,#22eb1f
78043,40.20539,-85.94742,Loc Clust 5,#8decf5
55345,42.530625,-82.36870400000001,Loc Clust 0,#232bb4
41677,40.2142,-88.89586,Loc Clust 3,#212b15
33285,42.488440000000004,-94.0403,Loc Clust 4,#8259c8
73550,41.303351,-91.678477,Loc Clust 1,#55ae46
53996,41.99446,-95.0151,Loc Clust 4,#8259c8
25059,44.09448,-93.29843000000001,Loc Clust 7,#22eb1f
54006,41.99446,-95.0151,Loc Clust 4,#8259c8
65913,40.22464,-88.85545,Loc Clust 3,#212b15
79545,41.99446,-95.0151,Loc Clust 4,#8259c8
53025,40.6991,-86.90100000000001,Loc Clust 5,#8decf5
5554,40.127641,-88.08603000000001,Loc Clust 3,#212b15
12678,39.660871,-89.826297,Loc Clust 3,#212b15
58492,41.99446,-95.0151,Loc Clust 4,#8259c8
42724,40.551158,-89.486078,Loc Clust 3,#212b15
40990,40.221845,-88.92179399999999,Loc Clust 3,#212b15
36773,43.298297,-96.707844,Loc Clust 2,#aec689
79822,41.516746000000005,-89.036517,Loc Clust 3,#212b15
17594,40.386052,-90.522272,Loc Clust 1,#55ae46
3672,44.078129,-93.300034,Loc Clust 7,#22eb1f
78269,40.20539,-85.94742,Loc Clust 5,#8decf5
69992,40.90013,-97.159213,Loc Clust 6,#799e92
5160,44.092119,-93.298375,Loc Clust 7,#22eb1f
81317,41.99446,-95.0151,Loc Clust 4,#8259c8
10737,42.9303,-80.904156,Loc Clust 0,#232bb4
52146,43.977828,-94.211618,Loc Clust 7,#22eb1f
81533,40.789908000000004,-97.635258,Loc Clust 6,#799e92
22180,40.31416,-85.749259,Loc Clust 5,#8decf5
76265,40.790504999999996,-97.63525200000001,Loc Clust 6,#799e92
22929,39.338764000000005,-85.24194,Loc Clust 5,#8decf5
3581,40.551062,-88.993527,Loc Clust 3,#212b15
40983,40.224006,-88.877677,Loc Clust 3,#212b15
47646,40.127641,-88.08603000000001,Loc Clust 3,#212b15
35415,42.521471999999996,-82.354209,Loc Clust 0,#232bb4
69561,41.303351,-91.678477,Loc Clust 1,#55ae46
18224,41.276140000000005,-91.6642,Loc Clust 1,#55ae46
219,44.078129,-93.300034,Loc Clust 7,#22eb1f
81890,40.54987,-89.48649,Loc Clust 3,#212b15
4523,40.833397,-97.349289,Loc Clust 6,#799e92
73057,43.38905,-95.7425,Loc Clust 2,#aec689
10339,41.088644,-84.92394499999999,Loc Clust 5,#8decf5
42104,40.699040000000004,-86.90101999999999,Loc Clust 5,#8decf5
71143,44.08889,-93.298957,Loc Clust 7,#22eb1f
58310,40.894717,-97.212614,Loc Clust 6,#799e92
47160,44.886348999999996,-94.945581,Loc Clust 2,#aec689
8068,40.771519,-87.81923499999999,Loc Clust 3,#212b15
31057,43.119538,-81.234659,Loc Clust 0,#232bb4
23759,42.29600000000001,-91.13064,Loc Clust 1,#55ae46
19997,40.552448999999996,-89.450958,Loc Clust 3,#212b15
46506,43.078463,-81.203113,Loc Clust 0,#232bb4
59117,40.97244,-91.36721999999999,Loc Clust 1,#55ae46
59044,40.6991,-86.90100000000001,Loc Clust 5,#8decf5
11198,42.9303,-80.904156,Loc Clust 0,#232bb4
78434,44.050183000000004,-93.291157,Loc Clust 7,#22eb1f
81144,43.306061,-81.262361,Loc Clust 0,#232bb4
44603,41.42877,-86.97323,Loc Clust 5,#8decf5
69491,40.69907,-86.900038,Loc Clust 5,#8decf5
1748,44.092119,-93.298375,Loc Clust 7,#22eb1f
58057,41.378097,-91.737387,Loc Clust 1,#55ae46
73172,43.960108,-94.189178,Loc Clust 7,#22eb1f
3996,41.303351,-91.678477,Loc Clust 1,#55ae46
43932,41.596488,-90.652341,Loc Clust 1,#55ae46
40512,40.221845,-88.92179399999999,Loc Clust 3,#212b15
73297,41.51583,-89.03251999999999,Loc Clust 3,#212b15
1523,42.934265,-82.039209,Loc Clust 0,#232bb4
20174,41.091035999999995,-84.924066,Loc Clust 5,#8decf5
68472,42.640467,-93.793986,Loc Clust 4,#8259c8
61300,42.133195,-93.654256,Loc Clust 4,#8259c8
69236,42.74053,-92.07531999999999,Loc Clust 1,#55ae46
42428,40.55771,-89.40633000000001,Loc Clust 3,#212b15
22130,40.225225,-83.843778,Loc Clust 5,#8decf5
60275,41.687781,-94.095478,Loc Clust 4,#8259c8
54785,41.70017,-90.152509,Loc Clust 1,#55ae46
16256,42.48843,-94.04072,Loc Clust 4,#8259c8
49067,40.6991,-86.90100000000001,Loc Clust 5,#8decf5
6327,44.092119,-93.298375,Loc Clust 7,#22eb1f
57264,43.879459999999995,-88.83789,Loc Clust 3,#212b15
25243,42.5276,-82.3638,Loc Clust 0,#232bb4
77591,41.700398,-90.13596,Loc Clust 1,#55ae46
71163,43.751908,-95.246669,Loc Clust 2,#aec689
22538,39.660871,-89.826297,Loc Clust 3,#212b15
39858,42.080475,-85.140966,Loc Clust 5,#8decf5
26426,42.03926,-95.0145,Loc Clust 4,#8259c8
42253,40.785258,-97.64585799999999,Loc Clust 6,#799e92
62998,41.303351,-91.678477,Loc Clust 1,#55ae46
14869,42.04027,-95.01427,Loc Clust 4,#8259c8
34162,43.162224,-84.793941,Loc Clust 5,#8decf5
12816,39.660871,-89.826297,Loc Clust 3,#212b15
61913,41.99446,-95.0151,Loc Clust 4,#8259c8
45001,40.894690000000004,-97.21216,Loc Clust 6,#799e92
38604,40.699040999999994,-86.899068,Loc Clust 5,#8decf5
27278,40.828229,-97.150469,Loc Clust 6,#799e92
81651,40.910233000000005,-97.14698299999999,Loc Clust 6,#799e92
53181,42.133195,-93.654256,Loc Clust 4,#8259c8
56290,43.977828,-94.211618,Loc Clust 7,#22eb1f
75768,43.162,-93.10390799999999,Loc Clust 7,#22eb1f
31252,41.182140000000004,-91.40684,Loc Clust 1,#55ae46
67463,40.4007,-90.52529,Loc Clust 1,#55ae46
44007,41.521276,-93.805922,Loc Clust 4,#8259c8
9522,40.699312,-86.894717,Loc Clust 5,#8decf5
80826,40.216967,-88.9193,Loc Clust 3,#212b15
66148,40.54852,-89.48538,Loc Clust 3,#212b15
53627,43.148586,-93.09669699999999,Loc Clust 7,#22eb1f
53582,42.9957,-89.44669,Loc Clust 3,#212b15
81683,41.99446,-95.0151,Loc Clust 4,#8259c8
56691,43.6749,-96.2879,Loc Clust 2,#aec689
19137,41.442467,-84.0677,Loc Clust 5,#8decf5
44263,41.909209999999995,-96.97973,Loc Clust 6,#799e92
20813,43.756026,-95.23552,Loc Clust 2,#aec689
18951,41.088644,-84.92394499999999,Loc Clust 5,#8decf5
74872,41.303351,-91.678477,Loc Clust 1,#55ae46
50404,40.276709999999994,-97.20170999999999,Loc Clust 6,#799e92
40466,41.51677,-89.03265,Loc Clust 3,#212b15
48668,40.365879,-90.518117,Loc Clust 1,#55ae46
63344,43.078463,-81.203113,Loc Clust 0,#232bb4
12591,39.338764000000005,-85.24194,Loc Clust 5,#8decf5
64752,40.225722999999995,-83.844539,Loc Clust 5,#8decf5
44900,41.366868,-91.986701,Loc Clust 1,#55ae46
48801,39.32441,-85.235842,Loc Clust 5,#8decf5
78203,40.216967,-88.9193,Loc Clust 3,#212b15
75789,42.772625,-95.637486,Loc Clust 2,#aec689
58418,41.812433,-96.15390699999999,Loc Clust 6,#799e92
49747,40.127641,-88.08603000000001,Loc Clust 3,#212b15
59991,40.785258,-97.64585799999999,Loc Clust 6,#799e92
62194,40.551158,-89.486078,Loc Clust 3,#212b15
4095,40.122689,-88.095816,Loc Clust 3,#212b15
79901,41.085107,-84.9242,Loc Clust 5,#8decf5
529,40.121302,-88.091593,Loc Clust 3,#212b15
40296,42.085296,-93.444612,Loc Clust 4,#8259c8
6049,42.40883,-97.53171,Loc Clust 6,#799e92
53697,42.813179999999996,-92.04298,Loc Clust 1,#55ae46
71127,43.078463,-81.203113,Loc Clust 0,#232bb4
51259,39.966707,-88.621635,Loc Clust 3,#212b15
37038,41.07425,-97.59338000000001,Loc Clust 6,#799e92
9298,38.920084,-91.818873,Loc Clust 1,#55ae46
34331,43.687774,-96.28264300000001,Loc Clust 2,#aec689
12543,39.338764000000005,-85.24194,Loc Clust 5,#8decf5
74431,41.303351,-91.678477,Loc Clust 1,#55ae46
66186,40.22464,-88.85545,Loc Clust 3,#212b15
17895,41.276140000000005,-91.6642,Loc Clust 1,#55ae46
46380,44.049424,-93.282073,Loc Clust 7,#22eb1f
51683,39.894290000000005,-88.38967,Loc Clust 3,#212b15
63534,43.078463,-81.203113,Loc Clust 0,#232bb4
79804,41.814594,-96.159295,Loc Clust 6,#799e92
37967,40.121187,-88.091608,Loc Clust 3,#212b15
71686,43.162,-93.10390799999999,Loc Clust 7,#22eb1f
71564,44.08889,-93.298957,Loc Clust 7,#22eb1f
11334,44.930025,-95.99127,Loc Clust 2,#aec689
56783,43.756788,-95.235905,Loc Clust 2,#aec689
76944,41.395093,-97.980547,Loc Clust 6,#799e92
5960,41.276140000000005,-91.6642,Loc Clust 1,#55ae46
15970,44.09259,-93.298899,Loc Clust 7,#22eb1f
54838,41.518148,-89.049375,Loc Clust 3,#212b15
69035,42.5276,-82.3638,Loc Clust 0,#232bb4
77410,43.162673,-93.103201,Loc Clust 7,#22eb1f
16119,42.356359999999995,-92.4855,Loc Clust 1,#55ae46
28769,42.9303,-80.9039,Loc Clust 0,#232bb4
63207,42.563046,-82.257714,Loc Clust 0,#232bb4
53407,42.761720000000004,-95.6526,Loc Clust 2,#aec689
27879,42.71175,-92.99981,Loc Clust 7,#22eb1f
76244,40.90013,-97.159213,Loc Clust 6,#799e92
45211,41.123540000000006,-84.91221,Loc Clust 5,#8decf5
59388,40.365879,-90.518117,Loc Clust 1,#55ae46
16639,43.087798,-81.211146,Loc Clust 0,#232bb4
36387,42.708282000000004,-92.032297,Loc Clust 1,#55ae46
57170,42.92585,-95.15188,Loc Clust 2,#aec689
70620,42.74053,-92.07533000000001,Loc Clust 1,#55ae46
66834,40.910233000000005,-97.14698299999999,Loc Clust 6,#799e92
18675,42.96321,-95.17068,Loc Clust 2,#aec689
16622,43.303246,-81.284296,Loc Clust 0,#232bb4
11674,43.750959,-95.23583599999999,Loc Clust 2,#aec689
14425,42.356359999999995,-92.4855,Loc Clust 1,#55ae46
9586,40.765421999999994,-87.79267,Loc Clust 3,#212b15
29903,40.699040999999994,-86.899068,Loc Clust 5,#8decf5
37950,41.182140000000004,-91.40684,Loc Clust 1,#55ae46
9175,40.127641,-88.08603000000001,Loc Clust 3,#212b15
43317,41.521276,-93.805922,Loc Clust 4,#8259c8
17471,40.948128000000004,-91.3503,Loc Clust 1,#55ae46
41413,39.966707,-88.621635,Loc Clust 3,#212b15
56930,43.4834,-83.78775999999999,Loc Clust 0,#232bb4
71781,41.82007,-93.56098,Loc Clust 4,#8259c8
50297,40.436227,-85.786452,Loc Clust 5,#8decf5
50742,41.596488,-90.652341,Loc Clust 1,#55ae46
61359,41.99446,-95.0151,Loc Clust 4,#8259c8
4891,43.091078,-81.212802,Loc Clust 0,#232bb4
71092,40.216967,-88.9193,Loc Clust 3,#212b15
60910,40.023701,-92.187719,Loc Clust 1,#55ae46
49238,41.44299,-84.07032,Loc Clust 5,#8decf5
37242,40.53438,-85.77767,Loc Clust 5,#8decf5
19155,40.884706,-97.166878,Loc Clust 6,#799e92
40686,41.405082,-92.004921,Loc Clust 1,#55ae46
33498,42.085296,-93.444612,Loc Clust 4,#8259c8
61114,43.078463,-81.203113,Loc Clust 0,#232bb4
19244,42.019110999999995,-93.525735,Loc Clust 4,#8259c8
16144,41.788437,-83.77244499999999,Loc Clust 5,#8decf5
9182,41.276140000000005,-91.6642,Loc Clust 1,#55ae46
12782,40.699312,-86.894717,Loc Clust 5,#8decf5
20444,44.09448,-93.29843000000001,Loc Clust 7,#22eb1f
40016,40.22477,-83.842208,Loc Clust 5,#8decf5
58363,42.813179999999996,-92.04298,Loc Clust 1,#55ae46
76083,42.640467,-93.793986,Loc Clust 4,#8259c8
3577,40.122689,-88.095816,Loc Clust 3,#212b15
27093,41.182140000000004,-91.40684,Loc Clust 1,#55ae46
52632,41.99446,-95.0151,Loc Clust 4,#8259c8
23722,41.812433,-96.15390699999999,Loc Clust 6,#799e92
81797,40.950231,-89.139162,Loc Clust 3,#212b15
37720,40.910222,-97.146979,Loc Clust 6,#799e92
58623,40.6991,-86.90100000000001,Loc Clust 5,#8decf5
50518,40.305394,-85.901297,Loc Clust 5,#8decf5
37788,41.182140000000004,-91.40684,Loc Clust 1,#55ae46
50922,40.276709999999994,-97.20170999999999,Loc Clust 6,#799e92
78415,43.306061,-81.262361,Loc Clust 0,#232bb4
77435,42.74053,-92.07533000000001,Loc Clust 1,#55ae46
9796,41.442467,-84.0677,Loc Clust 5,#8decf5
17324,40.884706,-97.166878,Loc Clust 6,#799e92
36113,44.773053000000004,-95.040115,Loc Clust 2,#aec689
40575,39.894290000000005,-88.38967,Loc Clust 3,#212b15
32405,38.99217,-92.82548,Loc Clust 1,#55ae46
13304,41.276140000000005,-91.6642,Loc Clust 1,#55ae46
26460,41.182140000000004,-91.40684,Loc Clust 1,#55ae46
80019,41.442329,-84.068352,Loc Clust 5,#8decf5
44854,41.99446,-95.0151,Loc Clust 4,#8259c8
10415,42.04027,-95.01427,Loc Clust 4,#8259c8
57459,44.092589000000004,-93.296423,Loc Clust 7,#22eb1f
74072,41.813272,-96.155803,Loc Clust 6,#799e92
78608,44.050183000000004,-93.291157,Loc Clust 7,#22eb1f
4682,43.303246,-81.284296,Loc Clust 0,#232bb4
12926,40.121332,-88.089015,Loc Clust 3,#212b15
15336,43.973707,-94.179986,Loc Clust 7,#22eb1f
49929,41.223865,-94.96565799999999,Loc Clust 4,#8259c8
9192,41.276140000000005,-91.6642,Loc Clust 1,#55ae46
70523,41.68985,-90.7681,Loc Clust 1,#55ae46
42222,41.067228,-84.867366,Loc Clust 5,#8decf5
26577,41.508829999999996,-92.23907,Loc Clust 1,#55ae46
42189,41.02535,-83.76517,Loc Clust 5,#8decf5
68134,40.648019,-96.062309,Loc Clust 6,#799e92
26889,40.127641,-88.08603000000001,Loc Clust 3,#212b15
23567,42.761720000000004,-95.6526,Loc Clust 2,#aec689
18294,41.80361,-89.05912,Loc Clust 3,#212b15
12887,40.699312,-86.894717,Loc Clust 5,#8decf5
74785,40.4007,-90.52529,Loc Clust 1,#55ae46
13398,40.699312,-86.894717,Loc Clust 5,#8decf5
31483,41.182140000000004,-91.40684,Loc Clust 1,#55ae46
10873,42.934265,-82.039209,Loc Clust 0,#232bb4
60743,40.72719,-85.27288,Loc Clust 5,#8decf5
69546,41.82007,-93.56098,Loc Clust 4,#8259c8
26766,40.386052,-90.522272,Loc Clust 1,#55ae46
20475,44.09448,-93.29843000000001,Loc Clust 7,#22eb1f
39386,40.699040999999994,-86.899068,Loc Clust 5,#8decf5
45378,40.894690000000004,-97.21216,Loc Clust 6,#799e92
36429,42.938642,-82.039018,Loc Clust 0,#232bb4
13006,40.121332,-88.089015,Loc Clust 3,#212b15
78174,40.036190000000005,-91.06463000000001,Loc Clust 1,#55ae46
41957,41.44299,-84.07032,Loc Clust 5,#8decf5
27578,42.03926,-95.0145,Loc Clust 4,#8259c8
32905,43.687774,-96.28264300000001,Loc Clust 2,#aec689
61852,41.99446,-95.0151,Loc Clust 4,#8259c8
52168,42.408678,-93.845798,Loc Clust 4,#8259c8
43041,41.70017,-90.152509,Loc Clust 1,#55ae46
6912,43.169866999999996,-84.78771,Loc Clust 5,#8decf5
56766,44.553771000000005,-94.22991400000001,Loc Clust 7,#22eb1f
32283,40.765361999999996,-87.79277900000001,Loc Clust 3,#212b15
35334,42.521471999999996,-82.354209,Loc Clust 0,#232bb4
20840,42.03926,-95.0145,Loc Clust 4,#8259c8
53312,42.932767999999996,-82.039334,Loc Clust 0,#232bb4
51323,39.894290000000005,-88.38967,Loc Clust 3,#212b15
77387,42.74053,-92.07533000000001,Loc Clust 1,#55ae46
63547,44.08889,-93.298957,Loc Clust 7,#22eb1f
41033,40.223015999999994,-88.877622,Loc Clust 3,#212b15
51181,40.276709999999994,-97.20170999999999,Loc Clust 6,#799e92
62912,40.22464,-88.85545,Loc Clust 3,#212b15
63168,42.063598,-83.037593,Loc Clust 0,#232bb4
53934,41.687781,-94.095478,Loc Clust 4,#8259c8
5318,40.127641,-88.08603000000001,Loc Clust 3,#212b15
81009,40.216967,-88.9193,Loc Clust 3,#212b15
43544,41.521276,-93.805922,Loc Clust 4,#8259c8
53868,40.6991,-86.90100000000001,Loc Clust 5,#8decf5
39071,40.552995,-89.444711,Loc Clust 3,#212b15
26912,40.225225,-83.843778,Loc Clust 5,#8decf5
63156,42.39119,-82.3374,Loc Clust 0,#232bb4
44372,41.99446,-95.0151,Loc Clust 4,#8259c8
29213,42.03926,-95.0145,Loc Clust 4,#8259c8
9714,41.442467,-84.0677,Loc Clust 5,#8decf5
11578,43.681328,-96.28546700000001,Loc Clust 2,#aec689
15007,41.781502,-96.210362,Loc Clust 6,#799e92
47214,43.078463,-81.203113,Loc Clust 0,#232bb4
3733,42.019110999999995,-93.525735,Loc Clust 4,#8259c8
52739,40.955740000000006,-89.13944000000001,Loc Clust 3,#212b15
70642,41.516746000000005,-89.036517,Loc Clust 3,#212b15
41616,41.99446,-95.0151,Loc Clust 4,#8259c8
53346,43.746939000000005,-94.14742199999999,Loc Clust 7,#22eb1f
22533,40.692246999999995,-86.905676,Loc Clust 5,#8decf5
30144,40.315368,-85.74960300000001,Loc Clust 5,#8decf5
50117,39.465764,-85.969652,Loc Clust 5,#8decf5
80515,40.299407,-97.12727,Loc Clust 6,#799e92
49108,41.378097,-91.737387,Loc Clust 1,#55ae46
76122,40.95102,-89.13916,Loc Clust 3,#212b15
69523,41.303351,-91.678477,Loc Clust 1,#55ae46
34112,42.085296,-93.444612,Loc Clust 4,#8259c8
4924,44.078129,-93.300034,Loc Clust 7,#22eb1f
18429,43.087798,-81.211146,Loc Clust 0,#232bb4
21536,40.127641,-88.08603000000001,Loc Clust 3,#212b15
9827,41.276140000000005,-91.6642,Loc Clust 1,#55ae46
76164,41.49759,-84.22163,Loc Clust 5,#8decf5
35266,43.149997,-93.10207,Loc Clust 7,#22eb1f
29977,42.085296,-93.444612,Loc Clust 4,#8259c8
5750,39.660871,-89.826297,Loc Clust 3,#212b15
73421,42.772625,-95.637486,Loc Clust 2,#aec689
13424,40.948128000000004,-91.3503,Loc Clust 1,#55ae46
23508,42.71175,-92.99981,Loc Clust 7,#22eb1f
53338,43.746939000000005,-94.14742199999999,Loc Clust 7,#22eb1f
18463,43.5809,-83.8119,Loc Clust 0,#232bb4
10919,42.063598,-83.037593,Loc Clust 0,#232bb4
1741,44.092119,-93.298375,Loc Clust 7,#22eb1f
47599,43.279946,-81.253633,Loc Clust 0,#232bb4
51319,40.22421,-88.92654,Loc Clust 3,#212b15
5359,40.127641,-88.08603000000001,Loc Clust 3,#212b15
2668,41.27298,-91.66623,Loc Clust 1,#55ae46
13473,40.121332,-88.089015,Loc Clust 3,#212b15
66701,41.085107,-84.9242,Loc Clust 5,#8decf5
79937,41.820069000000004,-93.561,Loc Clust 4,#8259c8
62936,41.303351,-91.678477,Loc Clust 1,#55ae46
2493,44.078129,-93.300034,Loc Clust 7,#22eb1f
66990,40.76548,-87.79267,Loc Clust 3,#212b15
7352,40.6,-86.9,Loc Clust 5,#8decf5
26063,42.080081,-93.435161,Loc Clust 4,#8259c8
45658,42.120743,-82.50518199999999,Loc Clust 0,#232bb4
1777,42.016877,-93.526748,Loc Clust 4,#8259c8
2123,43.08,-81.02,Loc Clust 0,#232bb4
51807,39.699443,-89.980889,Loc Clust 3,#212b15
75733,43.320423,-96.56878,Loc Clust 2,#aec689
60135,40.127641,-88.08603000000001,Loc Clust 3,#212b15
64442,43.078463,-81.203113,Loc Clust 0,#232bb4
79958,41.442329,-84.068352,Loc Clust 5,#8decf5
35362,42.521471999999996,-82.354209,Loc Clust 0,#232bb4
38912,40.699040999999994,-86.899068,Loc Clust 5,#8decf5
66549,41.407920000000004,-91.73809,Loc Clust 1,#55ae46
76394,41.99446,-95.0151,Loc Clust 4,#8259c8
36944,41.26862,-95.6708,Loc Clust 6,#799e92
38704,40.699040999999994,-86.899068,Loc Clust 5,#8decf5
30147,40.315368,-85.74960300000001,Loc Clust 5,#8decf5
8862,40.550449,-89.48574,Loc Clust 3,#212b15
60646,42.291596000000006,-91.47934000000001,Loc Clust 1,#55ae46
80139,41.68985,-90.7681,Loc Clust 1,#55ae46
48525,40.6991,-86.90100000000001,Loc Clust 5,#8decf5
72675,42.668969,-88.962642,Loc Clust 3,#212b15
18143,41.36828,-90.639011,Loc Clust 1,#55ae46
73481,41.303351,-91.678477,Loc Clust 1,#55ae46
32081,40.552995,-89.444711,Loc Clust 3,#212b15
5343,40.127641,-88.08603000000001,Loc Clust 3,#212b15
68836,42.640467,-93.793986,Loc Clust 4,#8259c8
67017,41.21136,-83.14135,Loc Clust 5,#8decf5
9799,41.276140000000005,-91.6642,Loc Clust 1,#55ae46
14166,40.386052,-90.522272,Loc Clust 1,#55ae46
36126,43.979575,-94.100443,Loc Clust 7,#22eb1f
15819,42.66489,-88.97023,Loc Clust 3,#212b15
14070,41.276140000000005,-91.6642,Loc Clust 1,#55ae46
73950,41.82007,-93.56098,Loc Clust 4,#8259c8
49977,40.2142,-88.89586,Loc Clust 3,#212b15
73103,44.08889,-93.298957,Loc Clust 7,#22eb1f
49171,39.64377,-89.7574,Loc Clust 3,#212b15
42348,41.50887,-92.23915,Loc Clust 1,#55ae46
80962,40.20539,-85.94742,Loc Clust 5,#8decf5
18897,42.661809999999996,-88.93597,Loc Clust 3,#212b15
7606,41.276140000000005,-91.6642,Loc Clust 1,#55ae46
44584,40.699040000000004,-86.90101999999999,Loc Clust 5,#8decf5
72,40.69907,-86.900038,Loc Clust 5,#8decf5
38149,41.182140000000004,-91.40684,Loc Clust 1,#55ae46
54426,42.652606,-93.970761,Loc Clust 4,#8259c8
45749,43.3181,-96.5668,Loc Clust 2,#aec689
78460,43.306061,-81.262361,Loc Clust 0,#232bb4
14796,42.289559999999994,-91.0908,Loc Clust 1,#55ae46
53453,42.133195,-93.654256,Loc Clust 4,#8259c8
61113,43.279946,-81.253633,Loc Clust 0,#232bb4
73498,42.74053,-92.07531999999999,Loc Clust 1,#55ae46
37089,40.8593,-84.215,Loc Clust 5,#8decf5
66932,40.22524,-83.844521,Loc Clust 5,#8decf5
55833,41.366868,-91.986701,Loc Clust 1,#55ae46
35146,43.979575,-94.100443,Loc Clust 7,#22eb1f
2617,44.092119,-93.298375,Loc Clust 7,#22eb1f
19164,40.276832,-97.108796,Loc Clust 6,#799e92
20471,43.2794,-81.2543,Loc Clust 0,#232bb4
50294,40.436227,-85.786452,Loc Clust 5,#8decf5
6970,43.148,-93.10799999999999,Loc Clust 7,#22eb1f
21509,40.127641,-88.08603000000001,Loc Clust 3,#212b15
60955,40.02908,-84.57128,Loc Clust 5,#8decf5
27121,40.214521999999995,-88.913641,Loc Clust 3,#212b15
12725,40.699312,-86.894717,Loc Clust 5,#8decf5
43699,41.70017,-90.152509,Loc Clust 1,#55ae46
48243,41.378097,-91.737387,Loc Clust 1,#55ae46
60635,42.652606,-93.970761,Loc Clust 4,#8259c8
57811,42.665279999999996,-88.96118,Loc Clust 3,#212b15
28291,40.828229,-97.150469,Loc Clust 6,#799e92
37443,39.9643,-83.9734,Loc Clust 5,#8decf5
74596,40.535857,-99.399182,Loc Clust 6,#799e92
33394,40.949597,-89.139292,Loc Clust 3,#212b15
23093,41.22312,-95.0182,Loc Clust 4,#8259c8
77246,41.395093,-97.980547,Loc Clust 6,#799e92
58193,40.314471999999995,-85.749262,Loc Clust 5,#8decf5
35805,43.687774,-96.28264300000001,Loc Clust 2,#aec689
73050,43.687413,-98.186302,Loc Clust 2,#aec689
32736,44.092702,-93.298902,Loc Clust 7,#22eb1f
48609,40.2142,-88.89586,Loc Clust 3,#212b15
30217,43.119538,-81.234659,Loc Clust 0,#232bb4
8256,40.833397,-97.349289,Loc Clust 6,#799e92
14001,40.884706,-97.166878,Loc Clust 6,#799e92
67293,40.76548,-87.79267,Loc Clust 3,#212b15
63833,43.960108,-94.189178,Loc Clust 7,#22eb1f
25686,42.761720000000004,-95.6526,Loc Clust 2,#aec689
31788,40.949597,-89.139292,Loc Clust 3,#212b15
47171,43.078463,-81.203113,Loc Clust 0,#232bb4
40494,41.501795,-93.804298,Loc Clust 4,#8259c8
31912,41.175270000000005,-95.0238,Loc Clust 4,#8259c8
40349,43.119538,-81.234659,Loc Clust 0,#232bb4
21920,40.828229,-97.150469,Loc Clust 6,#799e92
19768,40.692246999999995,-86.905676,Loc Clust 5,#8decf5
46344,44.886348999999996,-94.945581,Loc Clust 2,#aec689
4888,44.078129,-93.300034,Loc Clust 7,#22eb1f
2515,42.019110999999995,-93.525735,Loc Clust 4,#8259c8
65224,40.90013,-97.159213,Loc Clust 6,#799e92
30311,43.119538,-81.234659,Loc Clust 0,#232bb4
78675,43.748224,-94.128538,Loc Clust 7,#22eb1f
4941,43.091078,-81.212802,Loc Clust 0,#232bb4
81213,41.442329,-84.068352,Loc Clust 5,#8decf5
66316,41.407920000000004,-91.73809,Loc Clust 1,#55ae46
1674,40.4636,-98.01375999999999,Loc Clust 6,#799e92
56905,44.9357,-95.9962,Loc Clust 2,#aec689
41966,42.530625,-82.36870400000001,Loc Clust 0,#232bb4
50121,40.02908,-84.57128,Loc Clust 5,#8decf5
80290,40.299407,-97.12727,Loc Clust 6,#799e92
39086,41.908555,-96.98085999999999,Loc Clust 6,#799e92
23569,42.761720000000004,-95.6526,Loc Clust 2,#aec689
70052,41.065595,-84.907397,Loc Clust 5,#8decf5
2813,41.27298,-91.66623,Loc Clust 1,#55ae46
50231,39.7219,-93.6231,Loc Clust 4,#8259c8
32423,39.639519,-89.748363,Loc Clust 3,#212b15
36543,43.67467,-94.97014,Loc Clust 2,#aec689
78421,43.076636,-81.205621,Loc Clust 0,#232bb4
29215,42.019110999999995,-93.525735,Loc Clust 4,#8259c8
47776,41.378097,-91.737387,Loc Clust 1,#55ae46
29896,40.552995,-89.444711,Loc Clust 3,#212b15
68975,42.772625,-95.637486,Loc Clust 2,#aec689
17254,40.884706,-97.166878,Loc Clust 6,#799e92
37862,40.949597,-89.139292,Loc Clust 3,#212b15
30446,42.938642,-82.039018,Loc Clust 0,#232bb4
8096,41.084917,-84.923797,Loc Clust 5,#8decf5
66732,41.496908000000005,-93.804941,Loc Clust 4,#8259c8
35020,43.119538,-81.234659,Loc Clust 0,#232bb4
23811,41.812433,-96.15390699999999,Loc Clust 6,#799e92
41663,41.067228,-84.867366,Loc Clust 5,#8decf5
44968,40.551158,-89.486078,Loc Clust 3,#212b15
30397,43.119538,-81.234659,Loc Clust 0,#232bb4
4451,40.276832,-97.108796,Loc Clust 6,#799e92
33362,41.067612,-84.821186,Loc Clust 5,#8decf5
57275,42.080058,-85.167355,Loc Clust 5,#8decf5
42718,41.508875,-92.239154,Loc Clust 1,#55ae46
60010,41.046859999999995,-94.31848000000001,Loc Clust 4,#8259c8
67708,40.3471,-98.454961,Loc Clust 6,#799e92
57137,43.078463,-81.203113,Loc Clust 0,#232bb4
23734,40.637013,-97.785358,Loc Clust 6,#799e92
278,43.08,-81.02,Loc Clust 0,#232bb4
31566,40.552995,-89.444711,Loc Clust 3,#212b15
79044,42.946625,-94.03453,Loc Clust 7,#22eb1f
17460,41.088644,-84.92394499999999,Loc Clust 5,#8decf5
74623,40.535857,-99.399182,Loc Clust 6,#799e92
41115,40.223015999999994,-88.877622,Loc Clust 3,#212b15
19623,41.508829999999996,-92.23907,Loc Clust 1,#55ae46
22956,40.276832,-97.108796,Loc Clust 6,#799e92
31218,40.121187,-88.091608,Loc Clust 3,#212b15
11197,43.087798,-81.211146,Loc Clust 0,#232bb4
56203,43.078463,-81.203113,Loc Clust 0,#232bb4
49105,40.6991,-86.90100000000001,Loc Clust 5,#8decf5
59748,42.408678,-93.845798,Loc Clust 4,#8259c8
51733,40.305394,-85.901297,Loc Clust 5,#8decf5
36212,43.149997,-93.10207,Loc Clust 7,#22eb1f
8122,42.525859000000004,-82.36107700000001,Loc Clust 0,#232bb4
44737,40.276709999999994,-97.20170999999999,Loc Clust 6,#799e92
62506,40.305394,-85.901297,Loc Clust 5,#8decf5
72493,43.162,-93.10390799999999,Loc Clust 7,#22eb1f
32254,40.699040999999994,-86.899068,Loc Clust 5,#8decf5
5034,42.525859000000004,-82.36107700000001,Loc Clust 0,#232bb4
53577,44.092589000000004,-93.296423,Loc Clust 7,#22eb1f
50140,40.2833,-84.0667,Loc Clust 5,#8decf5
50883,39.894290000000005,-88.38967,Loc Clust 3,#212b15
23429,42.3263,-92.47518000000001,Loc Clust 1,#55ae46
69383,41.303351,-91.678477,Loc Clust 1,#55ae46
54196,41.50887,-92.23915,Loc Clust 1,#55ae46
21454,40.127641,-88.08603000000001,Loc Clust 3,#212b15
67074,41.303351,-91.678477,Loc Clust 1,#55ae46
59636,41.905089000000004,-96.977936,Loc Clust 6,#799e92
43337,41.508875,-92.239154,Loc Clust 1,#55ae46
66930,40.22524,-83.844521,Loc Clust 5,#8decf5
48532,41.378097,-91.737387,Loc Clust 1,#55ae46
43496,42.326288,-92.47389799999999,Loc Clust 1,#55ae46
21199,42.666905,-88.960236,Loc Clust 3,#212b15
18275,40.884706,-97.166878,Loc Clust 6,#799e92
37436,40.067499,-84.245926,Loc Clust 5,#8decf5
51092,40.305394,-85.901297,Loc Clust 5,#8decf5
45612,42.932767999999996,-82.039334,Loc Clust 0,#232bb4
39108,42.046082,-91.452648,Loc Clust 1,#55ae46
2128,42.9303,-80.904156,Loc Clust 0,#232bb4
80381,40.950231,-89.139162,Loc Clust 3,#212b15
73316,43.162,-93.10390799999999,Loc Clust 7,#22eb1f
65839,40.22464,-88.85545,Loc Clust 3,#212b15
11294,44.09259,-93.298899,Loc Clust 7,#22eb1f
55380,41.909209999999995,-96.97973,Loc Clust 6,#799e92
400,44.078129,-93.300034,Loc Clust 7,#22eb1f
63153,42.39119,-82.3374,Loc Clust 0,#232bb4
1028,39.338764000000005,-85.24194,Loc Clust 5,#8decf5
31857,40.949597,-89.139292,Loc Clust 3,#212b15
56170,44.092589000000004,-93.296423,Loc Clust 7,#22eb1f
66909,39.15377,-87.87904,Loc Clust 3,#212b15
30812,44.092702,-93.298902,Loc Clust 7,#22eb1f
66819,40.69913,-86.89487,Loc Clust 5,#8decf5
50153,40.073654,-84.158909,Loc Clust 5,#8decf5
33705,41.814826000000004,-96.159317,Loc Clust 6,#799e92
41895,41.518148,-89.049375,Loc Clust 3,#212b15
66994,41.49759,-84.22163,Loc Clust 5,#8decf5
58545,41.378097,-91.737387,Loc Clust 1,#55ae46
37256,40.42,-87.51013,Loc Clust 3,#212b15
61663,44.886348999999996,-94.945581,Loc Clust 2,#aec689
44244,40.22421,-88.92654,Loc Clust 3,#212b15
36536,41.85226,-83.89004,Loc Clust 5,#8decf5
40949,40.224006,-88.877677,Loc Clust 3,#212b15
79565,40.965090000000004,-87.79266,Loc Clust 3,#212b15
67436,40.54852,-89.48538,Loc Clust 3,#212b15
33742,42.046082,-91.452648,Loc Clust 1,#55ae46
